workload,TRH-D,TREF_Freq,QPRAC,MINT,PrISM
401.bzip2,250,2,0.9026481865488556,0.950592402113375,0.992372217043685
401.bzip2,500,1,0.9026481865488556,0.9909185776680774,1.0
401.bzip2,500,2,0.9026481865488556,0.9947963069618005,1.0
401.bzip2,500,4,0.9026481865488556,0.9903877311942468,0.9946184074156992
401.bzip2,500,8,0.9026481865488556,0.9885696334186949,0.974220541080596
401.bzip2,500,0,0.9026481865488556,0.9673170685763538,0.9838332710400981
401.bzip2,1000,2,0.9026481865488556,1.0,1.0
403.gcc,250,2,0.9723258533113435,0.9999729293837114,0.9972080618430308
403.gcc,500,1,0.9723258533113435,1.0,1.0
403.gcc,500,2,0.9723258533113435,1.0,1.0
403.gcc,500,4,0.9723258533113435,1.0,1.0
403.gcc,500,8,0.9723258533113435,1.0,1.0
403.gcc,500,0,0.9723258533113435,0.9950352472384532,0.997925805220711
403.gcc,1000,2,0.9723258533113435,1.0,1.0
429.mcf,250,2,0.8567619148515019,0.7811455549324645,0.969851132171853
429.mcf,500,1,0.8567619148515019,0.9410489646247348,0.9996246952357967
429.mcf,500,2,0.8567619148515019,0.8996482807824405,0.9759644466500618
429.mcf,500,4,0.8567619148515019,0.8790987024728524,0.9491393882195177
429.mcf,500,8,0.8567619148515019,0.8691701853681296,0.9365319247398679
429.mcf,500,0,0.8567437601115878,0.8588812980728561,0.9236678283330942
429.mcf,1000,2,0.8567619148515019,0.9686505512278762,0.9923469840581417
433.milc,250,2,0.8021669865681802,0.8188961131449112,0.9679506870231194
433.milc,500,1,0.8021669865681802,0.9716892148159965,1.0
433.milc,500,2,0.8021669865681802,0.9263879639724997,0.997467981481467
433.milc,500,4,0.8021669865681802,0.9028091253099118,0.9750282033808907
433.milc,500,8,0.8021669865681802,0.8913123194589583,0.9610830864119938
433.milc,500,0,0.8021669865681802,0.8792973288378403,0.9467111295849734
433.milc,1000,2,0.8021669865681802,0.9853544301585552,1.0
434.zeusmp,250,2,0.861766607761403,0.840885304382919,1.0
434.zeusmp,500,1,0.861766607761403,0.9853522380573748,1.0
434.zeusmp,500,2,0.861766607761403,0.9385058393544111,1.0
434.zeusmp,500,4,0.861766607761403,0.9167376325001332,0.9816734494247726
434.zeusmp,500,8,0.861766607761403,0.905494355870197,0.9677191730990804
434.zeusmp,500,0,0.8618795879951189,0.8942657431220687,0.9551852527718138
434.zeusmp,1000,2,0.861766607761403,0.9946605031505558,0.9999174485941025
435.gromacs,250,2,0.9566441575672904,0.9657318268062186,1.0
435.gromacs,500,1,0.9566441575672904,0.9980637667278812,0.9996746118695714
435.gromacs,500,2,0.9566441575672904,0.9903961771752051,0.9990925495999906
435.gromacs,500,4,0.9566441575672904,0.9843268122734611,0.994915703765043
435.gromacs,500,8,0.9566441575672904,0.9804756033410624,0.9923418670004982
435.gromacs,500,0,0.9566441575672904,0.9767369344971709,0.9892627875949555
435.gromacs,1000,2,0.9566441575672904,1.0,1.0
436.cactusADM,250,2,0.9106373680435402,0.8153291807312982,1.0
436.cactusADM,500,1,0.9106373680435402,0.9790007758194067,0.9988261875462012
436.cactusADM,500,2,0.9106373680435402,0.9289823529338191,0.9963444664220503
436.cactusADM,500,4,0.9106373680435402,0.9041840390314038,0.9709972621599303
436.cactusADM,500,8,0.9106373680435402,0.8913285624162866,0.955633400764276
436.cactusADM,500,0,0.9106373680435402,0.8781819098817155,0.9438200906402817
436.cactusADM,1000,2,0.9106373680435402,0.9892691506408525,1.0
437.leslie3d,250,2,0.7674289206999168,0.8415465148310495,1.0
437.leslie3d,500,1,0.7674289206999168,0.9866928552511078,1.0
437.leslie3d,500,2,0.7674289206999168,0.9401461393693444,0.9997493909417462
437.leslie3d,500,4,0.7674289206999168,0.918835104668573,0.9842865311082586
437.leslie3d,500,8,0.7674289206999168,0.9067590940475363,0.9706517981196109
437.leslie3d,500,0,0.7674289206999168,0.896135986598301,0.9573302100475239
437.leslie3d,1000,2,0.7674289206999168,0.9930477919648357,1.0
444.namd,250,2,0.9873866563135228,0.9995149008118582,0.998139947164716
444.namd,500,1,0.9873866563135228,1.0,1.0
444.namd,500,2,0.9873866563135228,0.9992583078478462,1.0
444.namd,500,4,0.9873866563135228,0.9989321663443916,1.0
444.namd,500,8,0.9873866563135228,0.999483106968653,1.0
444.namd,500,0,0.9873866563135228,0.9985954472272326,0.9995996851333471
444.namd,1000,2,0.9873866563135228,1.0,1.0
445.gobmk,250,2,0.9828679490650202,0.989452338982272,0.9938324419881887
445.gobmk,500,1,0.9828679490650202,1.0,1.0
445.gobmk,500,2,0.9828679490650202,0.9989840654680956,1.0
445.gobmk,500,4,0.9828679490650202,0.996690523481976,1.0
445.gobmk,500,8,0.9828679490650202,0.9917853816343216,0.9984188701637615
445.gobmk,500,0,0.9828679490650202,0.9865069877741415,0.9937542707752376
445.gobmk,1000,2,0.9828679490650202,1.0,1.0
447.dealII,250,2,0.988577107735645,0.9994484276310542,0.9994029531640772
447.dealII,500,1,0.988577107735645,1.0,1.0
447.dealII,500,2,0.988577107735645,1.0,1.0
447.dealII,500,4,0.988577107735645,1.0,1.0
447.dealII,500,8,0.988577107735645,1.0,1.0
447.dealII,500,0,0.988577107735645,0.9985905251200917,0.9997066960622253
447.dealII,1000,2,0.988577107735645,1.0,1.0
450.soplex,250,2,0.8466041699702014,0.8721142953033615,1.0
450.soplex,500,1,0.8466041699702014,1.0,1.0
450.soplex,500,2,0.8466041699702014,0.9586475620919774,1.0
450.soplex,500,4,0.8466041699702014,0.9528241048979469,1.0
450.soplex,500,8,0.8466041699702014,0.948954307882992,0.9872858699454415
450.soplex,500,0,0.8457218343647037,0.9296371848491406,0.9855679956891508
450.soplex,1000,2,0.8466041699702014,1.0,1.0
456.hmmer,250,2,0.9484101297088385,0.9457541141014526,1.0
456.hmmer,500,1,0.9484101297088385,1.0,1.0
456.hmmer,500,2,0.9484101297088385,1.0,0.9939696497935844
456.hmmer,500,4,0.9484101297088385,0.976587401184566,0.9955111407612149
456.hmmer,500,8,0.9484101297088385,0.9785652866748178,1.0
456.hmmer,500,0,0.9484101297088385,0.9713888435028918,0.9898851723178436
456.hmmer,1000,2,0.9484101297088385,1.0,1.0
458.sjeng,250,2,0.9914115040835954,0.9920789566464081,0.9966468246764529
458.sjeng,500,1,0.9914115040835954,1.0,1.0
458.sjeng,500,2,0.9914115040835954,1.0,1.0
458.sjeng,500,4,0.9914115040835954,0.9968936421650654,1.0
458.sjeng,500,8,0.9914115040835954,0.9924748513885092,0.9998588736016669
458.sjeng,500,0,0.9914115040835954,0.9875460190819126,0.9953284336503051
458.sjeng,1000,2,0.9914115040835954,1.0,1.0
459.GemsFDTD,250,2,0.8235868880942308,0.815269450179652,1.0
459.GemsFDTD,500,1,0.8235868880942308,0.9662695716126384,1.0
459.GemsFDTD,500,2,0.8235868880942308,0.9225676502692044,0.9978438417476827
459.GemsFDTD,500,4,0.8235868880942308,0.9013399595557149,0.9705513944923222
459.GemsFDTD,500,8,0.8235868880942308,0.8903051964738382,0.9582987679333541
459.GemsFDTD,500,0,0.8235868880942308,0.8804118141189204,0.9453093519678609
459.GemsFDTD,1000,2,0.8235868880942308,0.9826215733983541,0.9995848975513009
462.libquantum,250,2,0.6317277757131724,0.8336273527532152,0.9413485512204453
462.libquantum,500,1,0.6317277757131724,0.9775855557837005,1.0
462.libquantum,500,2,0.6317277757131724,0.9355806003828478,0.9999873139724444
462.libquantum,500,4,0.6317277757131724,0.9116408910437618,0.9836465203003736
462.libquantum,500,8,0.6317277757131724,0.8994149952980751,0.9699962450660191
462.libquantum,500,0,0.6317277757131724,0.8869511114024126,0.9560978901863831
462.libquantum,1000,2,0.6317277757131724,0.98831780920179,1.0
464.h264ref,250,2,0.9810658490059458,0.9966493629057901,0.998532195308525
464.h264ref,500,1,0.9810658490059458,1.0,1.0
464.h264ref,500,2,0.9810658490059458,0.9989887979015785,1.0
464.h264ref,500,4,0.9810658490059458,0.9991620137301037,1.0
464.h264ref,500,8,0.9810658490059458,0.9990099348774428,0.9988242373302133
464.h264ref,500,0,0.9810658490059458,0.9985251574373263,0.9974618888484843
464.h264ref,1000,2,0.9810658490059458,1.0,1.0
470.lbm,250,2,0.8646256624825138,0.8267304787650415,1.0
470.lbm,500,1,0.8646256624825138,0.9772605524345017,1.0
470.lbm,500,2,0.8646256624825138,0.9299447231388516,0.990904688781201
470.lbm,500,4,0.8646256624825138,0.9075395837642353,0.9633872412937893
470.lbm,500,8,0.8646256624825138,0.8962008295804571,0.9502621058098176
470.lbm,500,0,0.8646256624825138,0.8850728718350296,0.9371315167895985
470.lbm,1000,2,0.8646256624825138,0.9881736356911883,1.0
471.omnetpp,250,2,0.8223874961207424,0.7564275435064233,0.9412504701887154
471.omnetpp,500,1,0.8223874961207424,0.9349530419361477,1.0
471.omnetpp,500,2,0.8223874961207424,0.8783357124197778,0.9970005642673526
471.omnetpp,500,4,0.8223874961207424,0.8604306031865592,0.9642139478507635
471.omnetpp,500,8,0.8223874961207424,0.8512601860937159,0.9338507940017582
471.omnetpp,500,0,0.8210633664054295,0.8334068065599894,0.8969032020706549
471.omnetpp,1000,2,0.8223874961207424,0.9706578273813057,1.0
473.astar,250,2,0.8756258276124855,0.8323550332732929,1.0
473.astar,500,1,0.8756258276124855,0.9915937867395936,1.0
473.astar,500,2,0.8756258276124855,0.9384417435881662,1.0
473.astar,500,4,0.8756258276124855,0.9121165960867774,0.980237139648012
473.astar,500,8,0.8756258276124855,0.9005445331237638,0.9653457162483813
473.astar,500,0,0.8756258276124855,0.8874522456049351,0.9504837807726754
473.astar,1000,2,0.8756258276124855,0.9967414722641363,1.0
481.wrf,250,2,0.9830338830183205,0.9979134866319765,0.9987485475018456
481.wrf,500,1,0.9830338830183205,1.0,1.0
481.wrf,500,2,0.9830338830183205,0.9997675920034065,1.0
481.wrf,500,4,0.9830338830183205,0.9991333328179595,1.0
481.wrf,500,8,0.9830338830183205,0.9990207473420879,0.9998483262685047
481.wrf,500,0,0.9830338830183205,0.9984174361852788,0.9994489564794009
481.wrf,1000,2,0.9830338830183205,1.0,1.0
482.sphinx3,250,2,0.6752259362813098,0.803057541827068,0.9153395086268206
482.sphinx3,500,1,0.6752259362813098,0.9612374166966514,0.9996256298455831
482.sphinx3,500,2,0.6752259362813098,0.9152099621734355,0.9982959340478009
482.sphinx3,500,4,0.6752259362813098,0.8937108934336486,0.9719921992157772
482.sphinx3,500,8,0.6752259362813098,0.8831271808549326,0.9589902558884916
482.sphinx3,500,0,0.6753733788257206,0.872981705656671,0.9438155154113653
482.sphinx3,1000,2,0.6752259362813098,0.9777847492276838,0.999559294603348
483.xalancbmk,250,2,0.759814382174182,0.7617382697009858,0.9226798932584285
483.xalancbmk,500,1,0.759814382174182,0.923440432473282,1.0
483.xalancbmk,500,2,0.759814382174182,0.8786576859327249,0.9814977219485592
483.xalancbmk,500,4,0.759814382174182,0.8614660235646436,0.9579303722444792
483.xalancbmk,500,8,0.759814382174182,0.8506422435114052,0.9455249982057287
483.xalancbmk,500,0,0.7600943059177505,0.8360765698887,0.9291525540590709
483.xalancbmk,1000,2,0.759814382174182,0.9625218985826797,0.9856604115452361
500.perlbench,250,2,0.9252441077291744,0.8908607825982094,1.0
500.perlbench,500,1,0.9252441077291744,0.9987869942593193,1.0
500.perlbench,500,2,0.9252441077291744,0.9717028967556095,0.9996652870160775
500.perlbench,500,4,0.9252441077291744,0.9473554534334139,0.9976559505818194
500.perlbench,500,8,0.9252441077291744,0.9346611746880099,0.9844100056356321
500.perlbench,500,0,0.9252441077291744,0.922581724038031,0.9697417243748697
500.perlbench,1000,2,0.9252441077291744,0.9995904852934364,1.0
502.gcc,250,2,0.911440922281357,0.9518851075522878,0.9997498180778496
502.gcc,500,1,0.911440922281357,0.9983069288498417,1.0
502.gcc,500,2,0.911440922281357,0.9876606500135592,1.0
502.gcc,500,4,0.911440922281357,0.9767019230094339,0.9882362849849691
502.gcc,500,8,0.911440922281357,0.971149381117474,0.9924696961705176
502.gcc,500,0,0.911440922281357,0.9648717964322636,0.9782046357224748
502.gcc,1000,2,0.911440922281357,1.0,1.0
505.mcf,250,2,0.6228588650724576,0.8059088033940273,0.9257847517899984
505.mcf,500,1,0.6228588650724576,0.9653322828021271,1.0
505.mcf,500,2,0.6228588650724576,0.9183998536915852,0.9975510735477192
505.mcf,500,4,0.6228588650724576,0.8881325620926169,0.9731446850374545
505.mcf,500,8,0.6228588650724576,0.8845296399636974,0.9610370243373497
505.mcf,500,0,0.6229611876885744,0.8714238511529931,0.9379920822873211
505.mcf,1000,2,0.6228588650724576,0.9851922616192599,0.999218915120024
507.cactuBSSN,250,2,0.9167562598940573,0.8238829290054798,0.9864096996163597
507.cactuBSSN,500,1,0.9167562598940573,0.970835127522334,1.0
507.cactuBSSN,500,2,0.9167562598940573,0.9271466608418719,0.9813466304767787
507.cactuBSSN,500,4,0.9167562598940573,0.9055645477761682,0.9553004193658866
507.cactuBSSN,500,8,0.9167562598940573,0.8949059064629916,0.9425845388415857
507.cactuBSSN,500,0,0.9167562598940573,0.8838633111290944,0.9317668893585755
507.cactuBSSN,1000,2,0.9167562598940573,0.9845134543757311,0.9989722273708042
508.namd,250,2,0.9642819286780622,0.9961675245673268,1.0
508.namd,500,1,0.9642819286780622,1.0,1.0
508.namd,500,2,0.9642819286780622,0.9993597812510614,1.0
508.namd,500,4,0.9642819286780622,0.9983623760933165,1.0
508.namd,500,8,0.9642819286780622,0.9939909077236305,1.0
508.namd,500,0,0.9642819286780622,0.9891009719839472,0.9940952257529423
508.namd,1000,2,0.9642819286780622,1.0,1.0
510.parest,250,2,0.6198917237169785,0.8062399998957405,0.9055938744065455
510.parest,500,1,0.6198917237169785,0.9560871619119083,1.0
510.parest,500,2,0.6198917237169785,0.9143816485488069,0.9953802018436576
510.parest,500,4,0.6198917237169785,0.8917078510089982,0.970278055604429
510.parest,500,8,0.6198917237169785,0.8818052000056205,0.958019102066323
510.parest,500,0,0.6197116248022105,0.8746635917165643,0.9474928369333845
510.parest,1000,2,0.6198917237169785,0.9750407484483268,0.9987841285718285
511.povray,250,2,0.996868419458993,0.9997891695244696,0.9996326050587051
511.povray,500,1,0.996868419458993,1.0,1.0
511.povray,500,2,0.996868419458993,0.9999021105900697,1.0
511.povray,500,4,0.996868419458993,0.9999414508900416,1.0
511.povray,500,8,0.996868419458993,0.9999551330219504,1.0
511.povray,500,0,0.996868419458993,1.0,0.9999048835644236
511.povray,1000,2,0.996868419458993,1.0,1.0
519.lbm,250,2,0.8663486716403462,0.8274550727615797,1.0
519.lbm,500,1,0.8663486716403462,0.9777496845182716,0.9996720346871112
519.lbm,500,2,0.8663486716403462,0.9295944337874885,0.9913543844469519
519.lbm,500,4,0.8663486716403462,0.9077813777865412,0.9642486048229653
519.lbm,500,8,0.8663486716403462,0.8959633897341572,0.9507983822552825
519.lbm,500,0,0.8663508485592734,0.8849768057910672,0.9377870857072602
519.lbm,1000,2,0.8663486716403462,0.9882489168537885,0.9995351598356274
520.omnetpp,250,2,0.8372804528291147,0.8166920751529347,1.0
520.omnetpp,500,1,0.8372804528291147,0.9732951896399961,1.0
520.omnetpp,500,2,0.8372804528291147,0.9257720994116038,0.9996411316499122
520.omnetpp,500,4,0.8372804528291147,0.9022984997384607,0.9754158613918585
520.omnetpp,500,8,0.8372804528291147,0.8906383601672041,0.9617456258457608
520.omnetpp,500,0,0.8372804528291147,0.8785891829617488,0.9469523544859126
520.omnetpp,1000,2,0.8372804528291147,0.9869391491969948,0.9996232075401277
523.xalancbmk,250,2,0.8573376128186134,0.9450063904934777,1.0
523.xalancbmk,500,1,0.8573376128186134,0.9982969037907824,1.0
523.xalancbmk,500,2,0.8573376128186134,0.994323554061326,1.0
523.xalancbmk,500,4,0.8573376128186134,0.9774025325357938,1.0
523.xalancbmk,500,8,0.8573376128186134,0.9652963016509318,0.9937857669803695
523.xalancbmk,500,0,0.8573376128186134,0.9555357476784777,0.9775954709655101
523.xalancbmk,1000,2,0.8573376128186134,1.0,1.0
525.x264,250,2,0.9950173323371406,0.9956218131960767,0.9993547883075857
525.x264,500,1,0.9950173323371406,1.0,1.0
525.x264,500,2,0.9950173323371406,1.0,1.0
525.x264,500,4,0.9950173323371406,0.9987885237571932,1.0
525.x264,500,8,0.9950173323371406,0.9952871328241767,0.9997786735962956
525.x264,500,0,0.9950173323371406,0.9904272958015661,0.9954655982225634
525.x264,1000,2,0.9950173323371406,1.0,1.0
526.blender,250,2,0.9649297329947086,0.9995539008295199,0.9943917125190549
526.blender,500,1,0.9649297329947086,1.0,1.0
526.blender,500,2,0.9649297329947086,0.9995190212797893,1.0
526.blender,500,4,0.9649297329947086,0.9998987261520685,1.0
526.blender,500,8,0.9649297329947086,0.9992466004761762,0.999708065373992
526.blender,500,0,0.9649297329947086,0.9953141817825879,0.998224108345726
526.blender,1000,2,0.9649297329947086,1.0,1.0
531.deepsjeng,250,2,0.9407869527955536,0.9993217538740973,0.9960610441438031
531.deepsjeng,500,1,0.9407869527955536,1.0,1.0
531.deepsjeng,500,2,0.9407869527955536,1.0,1.0
531.deepsjeng,500,4,0.9407869527955536,0.9998935563682488,1.0
531.deepsjeng,500,8,0.9407869527955536,0.9967536222810646,1.0
531.deepsjeng,500,0,0.9407869527955536,0.9922074939897095,0.9976095499719749
531.deepsjeng,1000,2,0.9407869527955536,1.0,1.0
538.imagick,250,2,0.9998044798971069,1.0,0.999978649356862
538.imagick,500,1,0.9998044798971069,1.0,1.0
538.imagick,500,2,0.9998044798971069,1.0,1.0
538.imagick,500,4,0.9998044798971069,1.0,1.0
538.imagick,500,8,0.9998044798971069,1.0,1.0
538.imagick,500,0,0.9998044798971069,0.9999150581314102,0.9998178309382842
538.imagick,1000,2,0.9998044798971069,1.0,1.0
541.leela,250,2,0.9973105947754476,0.9996712416271609,0.9996547603882918
541.leela,500,1,0.9973105947754476,0.9998086845853722,1.0
541.leela,500,2,0.9973105947754476,0.9998729308807437,1.0
541.leela,500,4,0.9973105947754476,0.9998854283320738,1.0
541.leela,500,8,0.9973105947754476,0.9997270223885704,1.0
541.leela,500,0,0.9973105947754476,0.9996745021682228,1.0
541.leela,1000,2,0.9973105947754476,1.0,1.0
544.nab,250,2,0.9961944971899227,0.999058035879104,0.9946643138590933
544.nab,500,1,0.9961944971899227,1.0,1.0
544.nab,500,2,0.9961944971899227,0.9996894795819671,1.0
544.nab,500,4,0.9961944971899227,0.9998447202391414,1.0
544.nab,500,8,0.9961944971899227,0.998600842480312,0.99974715233256
544.nab,500,0,0.9961944971899227,0.9950554010545017,0.9978053027383138
544.nab,1000,2,0.9961944971899227,1.0,1.0
549.fotonik3d,250,2,0.8316205568945484,0.8072549952485985,1.0
549.fotonik3d,500,1,0.8316205568945484,0.9595435937701661,1.0
549.fotonik3d,500,2,0.8316205568945484,0.9172192954367974,0.9949879149785499
549.fotonik3d,500,4,0.8316205568945484,0.8962244482282908,0.9686984411875447
549.fotonik3d,500,8,0.8316205568945484,0.8858000353303748,0.9556362025751487
549.fotonik3d,500,0,0.8317638319567237,0.8755213921791193,0.9434993139389315
549.fotonik3d,1000,2,0.8316205568945484,0.9784284541391537,1.0
557.xz,250,2,0.9200726800044484,0.8496440827341057,1.0
557.xz,500,1,0.9200726800044484,0.9912117346003434,1.0
557.xz,500,2,0.9200726800044484,0.9456626016309743,1.0
557.xz,500,4,0.9200726800044484,0.9231754859595827,0.9880445636681402
557.xz,500,8,0.9200726800044484,0.910121485790091,0.9728500447991619
557.xz,500,0,0.9200726800044484,0.8969861876982134,0.9587541197515099
557.xz,1000,2,0.9200726800044484,0.9972701828580172,1.0
grep_map0,250,2,0.8233340872820427,0.8773993157666115,0.9657718883696079
grep_map0,500,1,0.8233340872820427,1.0,1.0
grep_map0,500,2,0.8233340872820427,0.9640463850068395,1.0
grep_map0,500,4,0.8233340872820427,0.9381198090720867,0.9945547784211827
grep_map0,500,8,0.8233340872820427,0.9253840667750527,0.980530600260021
grep_map0,500,0,0.8233340872820427,0.9128491709309285,0.9657955255544289
grep_map0,1000,2,0.8233340872820427,1.0,1.0
h264_encode,250,2,0.9734262363611837,0.9893396561343983,0.9964263917183289
h264_encode,500,1,0.9734262363611837,0.9994718222878893,1.0
h264_encode,500,2,0.9734262363611837,0.9965877515979298,1.0
h264_encode,500,4,0.9734262363611837,0.9959244272139434,1.0
h264_encode,500,8,0.9734262363611837,0.9934029197870738,0.9991019300133341
h264_encode,500,0,0.9734262363611837,0.993547597999718,0.9980103282976143
h264_encode,1000,2,0.9734262363611837,0.9999255933385668,1.0
jp2_decode,250,2,0.7862526774805272,0.8784399849647768,0.9963878109987647
jp2_decode,500,1,0.7862526774805272,0.996964528531899,1.0
jp2_decode,500,2,0.7862526774805272,0.9641958155644539,0.9976044965217994
jp2_decode,500,4,0.7862526774805272,0.94043624858157,0.9904438321224283
jp2_decode,500,8,0.7862526774805272,0.9274572432180628,0.9770873768030911
jp2_decode,500,0,0.7862526774805272,0.9162504305179409,0.9644320662080359
jp2_decode,1000,2,0.7862526774805272,0.9987279131584725,0.9995552041746264
jp2_encode,250,2,0.821323381205904,0.9069822539943921,1.0
jp2_encode,500,1,0.821323381205904,1.0,1.0
jp2_encode,500,2,0.821323381205904,0.9753680440215303,1.0
jp2_encode,500,4,0.821323381205904,0.954800096575785,0.996987618477107
jp2_encode,500,8,0.821323381205904,0.9441261757528885,0.9857010649796923
jp2_encode,500,0,0.821323381205904,0.9341453460408607,0.9747005002520679
jp2_encode,1000,2,0.821323381205904,1.0,1.0
tpcc64,250,2,0.7551358978862169,0.8497742388071268,0.9471813217966082
tpcc64,500,1,0.7551358978862169,0.989624565815065,1.0
tpcc64,500,2,0.7551358978862169,0.9463749591953006,1.0
tpcc64,500,4,0.7551358978862169,0.9240405069079054,0.9856629139062827
tpcc64,500,8,0.7551358978862169,0.9136183005067227,0.9666584939654154
tpcc64,500,0,0.7551358978862169,0.8977493170765003,0.9566383640662609
tpcc64,1000,2,0.7551358978862169,0.9996712400735117,1.0
tpch17,250,2,0.7319921500930687,0.8462218501354931,0.9786908416973915
tpch17,500,1,0.7319921500930687,0.997565866974284,1.0
tpch17,500,2,0.7319921500930687,0.9462959849126471,0.9996596799400319
tpch17,500,4,0.7319921500930687,0.9158731020946081,0.989668906074599
tpch17,500,8,0.7319921500930687,0.9141332549382275,0.9742796306404675
tpch17,500,0,0.7310572462656171,0.895161483223003,0.9591628165594445
tpch17,1000,2,0.7319921500930687,0.9989134275646242,1.0
tpch2,250,2,0.7548418260867997,0.8373107233827977,0.9883102482860859
tpch2,500,1,0.7548418260867997,0.9928046838194459,1.0
tpch2,500,2,0.7548418260867997,0.942044279667004,1.0
tpch2,500,4,0.7548418260867997,0.91575469933064,0.9820096023397297
tpch2,500,8,0.7548418260867997,0.9008145791444147,0.9625429306686335
tpch2,500,0,0.7557245328730294,0.8887889322639356,0.9472439690977483
tpch2,1000,2,0.7548418260867997,0.9970508574238289,1.0
tpch6,250,2,0.8653219283245402,0.9261973930261147,0.9885701939983754
tpch6,500,1,0.8653219283245402,0.9922899085758924,1.0
tpch6,500,2,0.8653219283245402,0.9632266182777107,1.0
tpch6,500,4,0.8653219283245402,0.9502722275553982,0.9753965567709515
tpch6,500,8,0.8653219283245402,0.9352385885435066,0.980199891387424
tpch6,500,0,0.8653219283245402,0.9362653248222041,0.9717200598004386
tpch6,1000,2,0.8653219283245402,0.987379356891539,1.0
wc_8443,250,2,0.783566323567957,0.8730674698328428,0.9840028389831057
wc_8443,500,1,0.783566323567957,0.9997661075936894,1.0
wc_8443,500,2,0.783566323567957,0.9657612937451666,1.0
wc_8443,500,4,0.783566323567957,0.9365722509417471,0.9951569655467234
wc_8443,500,8,0.783566323567957,0.9227007726202643,0.9799478813880932
wc_8443,500,0,0.783566323567957,0.9081685750236292,0.9638012761291538
wc_8443,1000,2,0.783566323567957,1.0,1.0
wc_map0,250,2,0.784175593369337,0.8733382393382727,0.9837791790578274
wc_map0,500,1,0.784175593369337,1.0,1.0
wc_map0,500,2,0.784175593369337,0.9656896645714692,1.0
wc_map0,500,4,0.784175593369337,0.9373086456172806,0.9956118018930615
wc_map0,500,8,0.784175593369337,0.9228275644689597,0.9796564403690442
wc_map0,500,0,0.784175593369337,0.9079579286292933,0.9640769640624127
wc_map0,1000,2,0.784175593369337,1.0,1.0
ycsb_abgsave,250,2,0.9166061271178725,0.9282079604246922,0.9953622627506483
ycsb_abgsave,500,1,0.9166061271178725,0.9999733841149805,1.0
ycsb_abgsave,500,2,0.9166061271178725,0.9947041734792721,1.0
ycsb_abgsave,500,4,0.9166061271178725,0.9711769839569566,0.9994503312171004
ycsb_abgsave,500,8,0.9166061271178725,0.9621258958351019,0.9890813485801442
ycsb_abgsave,500,0,0.9166061271178725,0.9515822220681144,0.9803511974168929
ycsb_abgsave,1000,2,0.9166061271178725,0.999617726796715,1.0
ycsb_aserver,250,2,0.8096183998496381,0.8556608992369702,0.9902918508941057
ycsb_aserver,500,1,0.8096183998496381,1.0,1.0
ycsb_aserver,500,2,0.8096183998496381,0.9556502449648272,1.0
ycsb_aserver,500,4,0.8096183998496381,0.9264171802646126,0.9859439941122891
ycsb_aserver,500,8,0.8096183998496381,0.9138958467653878,0.9745647375148362
ycsb_aserver,500,0,0.8096943185404164,0.9021727053060205,0.9608572282573488
ycsb_aserver,1000,2,0.8096183998496381,1.0,1.0
ycsb_bserver,250,2,0.7951486535621659,0.8734687219979567,0.9687411126507729
ycsb_bserver,500,1,0.7951486535621659,1.0,1.0
ycsb_bserver,500,2,0.7951486535621659,0.9610038846008232,1.0
ycsb_bserver,500,4,0.7951486535621659,0.9358539546853119,0.9923527419025236
ycsb_bserver,500,8,0.7951486535621659,0.9248135042464164,0.9789197558526281
ycsb_bserver,500,0,0.794569443368437,0.913098586968633,0.9668561313712692
ycsb_bserver,1000,2,0.7951486535621659,1.0,1.0
ycsb_cserver,250,2,0.7970018292888895,0.8736723015844962,0.9698700193072827
ycsb_cserver,500,1,0.7970018292888895,1.0,1.0
ycsb_cserver,500,2,0.7970018292888895,0.9637157414023574,0.9999770165146848
ycsb_cserver,500,4,0.7970018292888895,0.9379739656357504,0.9943606930177018
ycsb_cserver,500,8,0.7970018292888895,0.9265065732048464,0.9792399662818605
ycsb_cserver,500,0,0.7970018292888895,0.9161872033893003,0.9702653785387174
ycsb_cserver,1000,2,0.7970018292888895,1.0,1.0
ycsb_dserver,250,2,0.8477343511758865,0.9035846174431235,0.9974131545784459
ycsb_dserver,500,1,0.8477343511758865,1.0,1.0
ycsb_dserver,500,2,0.8477343511758865,0.9783341141889765,0.9995971580298791
ycsb_dserver,500,4,0.8477343511758865,0.9554851308569843,0.9976253352594493
ycsb_dserver,500,8,0.8477343511758865,0.9472755835336611,0.9862187849636855
ycsb_dserver,500,0,0.8477343511758865,0.9341247042512272,0.9731018480250805
ycsb_dserver,1000,2,0.8477343511758865,1.0,1.0
ycsb_eserver,250,2,0.7992340464556221,0.8556470338137484,0.9738572921765156
ycsb_eserver,500,1,0.7992340464556221,0.9998487727444703,1.0
ycsb_eserver,500,2,0.7992340464556221,0.9569732850950622,0.999094981749449
ycsb_eserver,500,4,0.7992340464556221,0.9333685050142181,0.9918249630216914
ycsb_eserver,500,8,0.7992340464556221,0.9175341858853655,0.9768244957736798
ycsb_eserver,500,0,0.7994807954479936,0.903692614152338,0.9644308368804546
ycsb_eserver,1000,2,0.7992340464556221,0.9997312936142188,1.0
HIGH (17),250,2,0.7823275980258476,0.8251359176674696,0.9746810373244954
HIGH (17),500,1,0.7823275980258476,0.9733024368225541,0.9999365999767867
HIGH (17),500,2,0.7823275980258476,0.9294963835049073,0.9954514629288732
HIGH (17),500,4,0.7823275980258476,0.9076135006292927,0.9757363153262848
HIGH (17),500,8,0.7823275980258476,0.8963293053049001,0.9619579053491327
HIGH (17),500,0,0.7823601228854129,0.8843840175731739,0.9487693788086297
HIGH (17),1000,2,0.7823275980258476,0.9862261265786127,0.9985232788792305
MEDIUM (21),250,2,0.831971440737175,0.8673066405343101,0.9819307149635116
MEDIUM (21),500,1,0.831971440737175,0.9906452150243912,0.9999440729015395
MEDIUM (21),500,2,0.831971440737175,0.9554489710946504,0.9981730467428468
MEDIUM (21),500,4,0.831971440737175,0.9318899757390378,0.9865625654816359
MEDIUM (21),500,8,0.831971440737175,0.9216181768551776,0.9741034464814073
MEDIUM (21),500,0,0.8318505600156835,0.909671692966125,0.9600451598106465
MEDIUM (21),1000,2,0.831971440737175,0.9955554204899129,0.9998926445243574
LOW (19),250,2,0.9725556842784983,0.9904945634482336,0.9976181571829124
LOW (19),500,1,0.9725556842784983,0.9992910315953522,0.9999828716687635
LOW (19),500,2,0.9725556842784983,0.9981406078228773,0.9999522189109011
LOW (19),500,4,0.9725556842784983,0.9965480238061795,0.9988255930116536
LOW (19),500,8,0.9725556842784983,0.9946526806229222,0.9975776587216144
LOW (19),500,0,0.9725556842784983,0.9908612232913683,0.9955339607969703
LOW (19),1000,2,0.9725556842784983,0.9999960837218925,1.0
SPEC2K6 (23),250,2,0.8717302222397457,0.8842025848373617,0.9836872892332491
SPEC2K6 (23),500,1,0.8717302222397457,0.9817006678353479,0.9999021891990522
SPEC2K6 (23),500,2,0.8717302222397457,0.9544524121132889,0.9968559599258857
SPEC2K6 (23),500,4,0.8717302222397457,0.9406481188762922,0.9841394201157667
SPEC2K6 (23),500,8,0.8717302222397457,0.9338270604854018,0.9747345048495679
SPEC2K6 (23),500,0,0.8716560310179641,0.924171480108931,0.9655207506100951
SPEC2K6 (23),1000,2,0.8717302222397457,0.9911432504038662,0.9989977030521328
SPEC2K17 (18),250,2,0.889901654386442,0.913621089948841,0.9885926806102779
SPEC2K17 (18),500,1,0.889901654386442,0.9881658069601581,0.9999817768824167
SPEC2K17 (18),500,2,0.889901654386442,0.9676914252087114,0.9977628636102551
SPEC2K17 (18),500,4,0.889901654386442,0.9551794804870729,0.987718722965751
SPEC2K17 (18),500,8,0.889901654386442,0.9486290064593638,0.9815941162578301
SPEC2K17 (18),500,0,0.8899040508204685,0.9413165096657172,0.9725950315678215
SPEC2K17 (18),1000,2,0.889901654386442,0.9941438519464276,0.9997851278586071
TPC (4),250,2,0.7751599062448238,0.8641606784578794,0.9755395140893148
TPC (4),500,1,0.7751599062448238,0.9930671365210696,1.0
TPC (4),500,2,0.7751599062448238,0.949450893553597,0.9999149091249385
TPC (4),500,4,0.7751599062448238,0.9263783073204187,0.9831704650120224
TPC (4),500,8,0.7751599062448238,0.9158683067016635,0.9708963384828135
TPC (4),500,0,0.7751387231203417,0.9043020429052501,0.958651566360279
TPC (4),1000,2,0.7751599062448238,0.9957414840701788,1.0
Hadoop (3),250,2,0.7968105212460945,0.8745994331056441,0.9778138385833325
Hadoop (3),500,1,0.7968105212460945,0.9999220297853668,1.0
Hadoop (3),500,2,0.7968105212460945,0.965165455971779,1.0
Hadoop (3),500,4,0.7968105212460945,0.9373333554626323,0.995107754443665
Hadoop (3),500,8,0.7968105212460945,0.9236366413165388,0.9800449066311134
Hadoop (3),500,0,0.7968105212460945,0.9096557596221998,0.964557518524457
Hadoop (3),1000,2,0.7968105212460945,1.0,1.0
MediaBench (3),250,2,0.8566296922907202,0.9237450006917266,0.9976032974946746
MediaBench (3),500,1,0.8566296922907202,0.9988112387694251,1.0
MediaBench (3),500,2,0.8566296922907202,0.9786252945263919,0.9992008603865947
MediaBench (3),500,4,0.8566296922907202,0.963435695684574,0.9958024846581781
MediaBench (3),500,8,0.8566296922907202,0.9545890668922545,0.9872553034926946
MediaBench (3),500,0,0.8566296922907202,0.9474124946223459,0.978947245689727
MediaBench (3),1000,2,0.8566296922907202,0.9995509988110303,0.9998517127368499
YCSB (6),250,2,0.8264515938559497,0.8813215639280986,0.9825153461297605
YCSB (6),500,1,0.8264515938559497,0.9999703579508754,1.0
YCSB (6),500,2,0.8264515938559497,0.9682979309941446,0.9997781354640758
YCSB (6),500,4,0.8264515938559497,0.9432572535112401,0.9935834101712301
YCSB (6),500,8,0.8264515938559497,0.931869245210343,0.9807947298777454
YCSB (6),500,0,0.8264066574932983,0.9199775886005007,0.9692899732112685
YCSB (6),1000,2,0.8264515938559497,0.9998914910904971,1.0
All (57),250,2,0.8604811963543317,0.8931881859635394,0.9849529669171125
All (57),500,1,0.8604811963543317,0.9882992143295825,0.9999547768549796
All (57),500,2,0.8604811963543317,0.9615427932380368,0.9979527914940024
All (57),500,4,0.8604811963543317,0.9454897855943195,0.9873786535216649
All (57),500,8,0.8604811963543317,0.937534680664683,0.9781988490374223
All (57),500,0,0.8604458018536254,0.928130561110572,0.9683139066147967
All (57),1000,2,0.8604811963543317,0.9942376829904878,0.999519810076731
