W,R,L,QTH,ABO_ACT,single_row_security_margin,TRH_D_margin,SHQ_entries,sampling_fraction,A_star,K_floor_star,X_win_star,N_per_row_star,p_m_analytical,TRH_D_base_analytical,TRH_D_analytical,p_m_simulated,TRH_D_base_simulated,TRH_D_margin_simulated,TRH_D_simulated,mc_target_appearances,mc_windows,mc_seeds
72,2,5,4,12,16,16,5,0.027777777777777776,144,2,2.0,4096,0.014610758282914459,1292,1308,0.01459336,1293,16,1309,12500000,5000000,5
72,2,6,4,12,16,16,6,0.027777777777777776,168,2,2.3333333333333335,3510,0.014610758282914459,1282,1298,0.014630094308672953,1280,16,1296,10714285,5000000,5
72,2,7,4,12,16,16,7,0.027777777777777776,192,2,2.6666666666666665,3072,0.014610758282914459,1269,1285,0.014585386666666667,1271,16,1287,9375000,5000000,5
72,2,8,4,12,16,16,8,0.027777777777777776,162,3,2.25,3640,0.014938243383017814,1259,1275,0.014913984780105327,1260,16,1276,11111115,5000000,5
72,2,9,4,12,16,16,9,0.027777777777777776,180,3,2.5,3276,0.014938243383017814,1251,1267,0.0149607,1249,16,1265,10000000,5000000,5
72,2,10,4,12,16,16,10,0.027777777777777776,197,3,2.736111111111111,2994,0.01495536155864604,1240,1256,0.014957883037805946,1240,16,1256,9137055,5000000,5
72,2,11,4,12,16,16,11,0.027777777777777776,173,4,2.4027777777777777,3409,0.015246370544325559,1231,1247,0.015241106719367589,1231,16,1247,10404625,5000000,5
72,2,12,4,12,16,16,12,0.027777777777777776,187,4,2.5972222222222223,3154,0.01525040669965192,1224,1240,0.015221901436471435,1226,16,1242,9625670,5000000,5
72,2,13,4,12,16,16,13,0.027777777777777776,201,4,2.7916666666666665,2934,0.015258479010304665,1216,1232,0.015283814756189822,1214,16,1230,8955225,5000000,5
72,2,14,4,12,16,16,14,0.027777777777777776,180,5,2.5,3276,0.01553697372782368,1206,1222,0.0155663,1204,16,1220,10000000,5000000,5
72,2,15,4,12,16,16,15,0.027777777777777776,192,5,2.6666666666666665,3072,0.01553697372782368,1201,1217,0.01552128,1202,16,1218,9375000,5000000,5
72,2,16,4,12,16,16,16,0.027777777777777776,204,5,2.8333333333333335,2891,0.01553697372782368,1195,1211,0.015532567766283882,1195,16,1211,8823525,5000000,5
72,2,17,4,12,16,16,17,0.027777777777777776,216,5,3.0,2730,0.01553697372782368,1187,1203,0.015568916886216623,1185,16,1201,8333335,5000000,5
72,2,18,4,12,16,16,18,0.027777777777777776,195,6,2.7083333333333335,3024,0.01582248890981391,1180,1196,0.015755132020405665,1184,16,1200,9230770,5000000,5
72,2,19,4,12,16,16,19,0.027777777777777776,206,6,2.861111111111111,2863,0.015811649490361557,1175,1191,0.015842886105473134,1173,16,1189,8737865,5000000,5
72,2,20,4,12,16,16,20,0.027777777777777776,216,6,3.0,2730,0.015811649490361564,1169,1185,0.015842876831424633,1167,16,1183,8333335,5000000,5
72,2,21,4,12,16,16,21,0.027777777777777776,198,7,2.75,2978,0.01607179555721786,1162,1178,0.01606494839350516,1162,16,1178,9090910,5000000,5
72,2,22,4,12,16,16,22,0.027777777777777776,207,7,2.875,2849,0.01607179555721786,1158,1174,0.016117359761858078,1155,16,1171,8695655,5000000,5
72,2,23,4,12,16,16,23,0.027777777777777776,216,7,3.0,2730,0.01607179555721786,1153,1169,0.016110356777928644,1150,16,1166,8333335,5000000,5
72,2,24,4,12,16,16,24,0.027777777777777776,225,7,3.125,2621,0.01607179555721786,1147,1163,0.016077875,1147,16,1163,8000000,5000000,5
72,2,25,4,12,16,16,25,0.027777777777777776,208,8,2.888888888888889,2835,0.016318641927251076,1141,1157,0.016304072753745444,1142,16,1158,8653850,5000000,5
72,3,5,4,12,16,16,10,0.041666666666666664,216,1,3.0,2730,0.014999747153301666,1223,1239,0.014982837003432599,1224,16,1240,8333335,5000000,5
72,3,6,4,12,16,16,12,0.041666666666666664,168,2,2.3333333333333335,3510,0.016023911649609313,1177,1193,0.015984734398982292,1179,16,1195,10714285,5000000,5
72,3,7,4,12,16,16,14,0.041666666666666664,192,2,2.6666666666666665,3072,0.016023911649609313,1168,1184,0.016005333333333333,1169,16,1185,9375000,5000000,5
72,3,8,4,12,16,16,16,0.041666666666666664,216,2,3.0,2730,0.016023911649609313,1156,1172,0.016037876792424643,1155,16,1171,8333335,5000000,5
72,3,9,4,12,16,16,18,0.041666666666666664,240,2,3.3333333333333335,2457,0.016023911649609313,1138,1154,0.016016666666666665,1138,16,1154,7500000,5000000,5
72,3,10,4,12,16,16,20,0.041666666666666664,260,2,3.611111111111111,2268,0.016181641004094572,1107,1123,0.016217059459084686,1105,16,1121,6923080,5000000,5
72,3,11,4,12,16,16,22,0.041666666666666664,216,3,3.0,2730,0.016970287776520883,1098,1114,0.01695695660860868,1099,16,1115,8333335,5000000,5
72,3,12,4,12,16,16,24,0.041666666666666664,234,3,3.25,2520,0.016970287776520883,1089,1105,0.01705184596814609,1085,16,1101,7692305,5000000,5
72,3,13,4,12,16,16,26,0.041666666666666664,252,3,3.5,2340,0.016970287776520883,1077,1093,0.016954005086201526,1078,16,1094,7142855,5000000,5
72,3,14,4,12,16,16,28,0.041666666666666664,270,3,3.75,2184,0.016970287776520883,1059,1075,0.017029041485479256,1057,16,1073,6666670,5000000,5
72,3,15,4,12,16,16,30,0.041666666666666664,231,4,3.2083333333333335,2553,0.017846845727861885,1044,1060,0.017838981392301667,1044,16,1060,7792205,5000000,5
72,3,16,4,12,16,16,32,0.041666666666666664,245,4,3.4027777777777777,2407,0.017846845727861906,1037,1053,0.01784130535978244,1038,16,1054,7346940,5000000,5
72,3,17,4,12,16,16,34,0.041666666666666664,259,4,3.5972222222222223,2277,0.017858148785966244,1029,1045,0.01796280615067617,1024,16,1040,6949805,5000000,5
72,3,18,4,12,16,16,36,0.041666666666666664,274,4,3.8055555555555554,2152,0.017846845727861885,1018,1034,0.017921878056335907,1015,16,1031,6569345,5000000,5
72,3,19,4,12,16,16,38,0.041666666666666664,288,4,4.0,2048,0.017846845727861892,1003,1019,0.0178432,1003,16,1019,6250000,5000000,5
72,3,20,4,12,16,16,40,0.041666666666666664,252,5,3.5,2340,0.018660665911374198,995,1011,0.01877274563182369,989,16,1005,7142855,5000000,5
72,3,21,4,12,16,16,42,0.041666666666666664,264,5,3.6666666666666665,2234,0.018660665911374198,989,1005,0.018667738311396884,988,16,1004,6818180,5000000,5
72,3,22,4,12,16,16,44,0.041666666666666664,276,5,3.8333333333333335,2137,0.018660665911374195,982,998,0.01859687752041633,984,16,1000,6521740,5000000,5
72,3,23,4,12,16,16,46,0.041666666666666664,288,5,4.0,2048,0.018660665911374198,973,989,0.01868736,972,16,988,6250000,5000000,5
72,3,24,4,12,16,16,48,0.041666666666666664,300,5,4.166666666666667,1966,0.018660665911374195,961,977,0.018637,962,16,978,6000000,5000000,5
72,3,25,4,12,16,16,50,0.041666666666666664,268,6,3.7222222222222223,2200,0.019418012905253194,954,970,0.019415551737383904,954,16,970,6716420,5000000,5
72,4,5,4,12,16,16,15,0.05555555555555555,216,1,3.0,2730,0.01608183939887814,1152,1168,0.01602611679477664,1156,16,1172,8333335,5000000,5
72,4,6,4,12,16,16,18,0.05555555555555555,252,1,3.5,2340,0.01608183939887814,1122,1138,0.01612702483810745,1120,16,1136,7142855,5000000,5
72,4,7,4,12,16,16,21,0.05555555555555555,276,1,3.8333333333333335,2137,0.0167396129429376,1060,1076,0.016709344438754076,1061,16,1077,6521740,5000000,5
72,4,8,4,12,16,16,24,0.05555555555555555,216,2,3.0,2730,0.018055160031056523,1039,1055,0.018114236377152725,1035,16,1051,8333335,5000000,5
72,4,9,4,12,16,16,27,0.05555555555555555,240,2,3.3333333333333335,2457,0.018055160031056523,1029,1045,0.018077733333333332,1028,16,1044,7500000,5000000,5
72,4,10,4,12,16,16,30,0.05555555555555555,264,2,3.6666666666666665,2234,0.018055160031056523,1016,1032,0.018099844826625286,1014,16,1030,6818180,5000000,5
72,4,11,4,12,16,16,33,0.05555555555555555,288,2,4.0,2048,0.018055160031056523,996,1012,0.01800368,998,16,1014,6250000,5000000,5
72,4,12,4,12,16,16,36,0.05555555555555555,306,2,4.25,1927,0.01850129520923486,959,975,0.018512483520630767,958,16,974,5882355,5000000,5
72,4,13,4,12,16,16,39,0.05555555555555555,252,3,3.5,2340,0.019839700743769874,942,958,0.01988854596656379,940,16,956,7142855,5000000,5
72,4,14,4,12,16,16,42,0.05555555555555555,270,3,3.75,2184,0.019839700743769874,936,952,0.01987334006332997,934,16,950,6666670,5000000,5
72,4,15,4,12,16,16,45,0.05555555555555555,288,3,4.0,2048,0.019839700743769874,927,943,0.01987744,926,16,942,6250000,5000000,5
72,4,16,4,12,16,16,48,0.05555555555555555,306,3,4.25,1927,0.019839700743769874,916,932,0.01979837989918995,917,16,933,5882350,5000000,5
72,4,17,4,12,16,16,51,0.05555555555555555,324,3,4.5,1820,0.019839700743769874,899,915,0.019829161982916198,900,16,916,5555555,5000000,5
72,4,18,4,12,16,16,54,0.05555555555555555,337,3,4.680555555555555,1750,0.02028998258834026,873,889,0.020338142137273238,872,16,888,5341245,5000000,5
72,4,19,4,12,16,16,57,0.05555555555555555,288,4,4.0,2048,0.021460715384223335,867,883,0.0215,866,16,882,6250000,5000000,5
72,4,20,4,12,16,16,60,0.05555555555555555,303,4,4.208333333333333,1946,0.021460715384223335,862,878,0.021465526601291623,862,16,878,5940595,5000000,5
72,4,21,4,12,16,16,63,0.05555555555555555,317,4,4.402777777777778,1860,0.021460715384223297,855,871,0.021459856328468554,855,16,871,5678230,5000000,5
72,4,22,4,12,16,16,66,0.05555555555555555,331,4,4.597222222222222,1781,0.02148124949712009,847,863,0.021651431482125092,842,16,858,5438070,5000000,5
72,4,23,4,12,16,16,69,0.05555555555555555,345,4,4.791666666666667,1709,0.02152231772291371,836,852,0.02152934704900343,835,16,851,5217390,5000000,5
72,4,24,4,12,16,16,72,0.05555555555555555,359,4,4.986111111111111,1642,0.021563385948707256,821,837,0.021693184481219804,819,16,835,5013925,5000000,5
72,4,25,4,12,16,16,75,0.05555555555555555,312,5,4.333333333333333,1890,0.022939171512792317,811,827,0.022863016381735518,813,16,829,5769230,5000000,5
72,5,5,4,12,16,16,20,0.06944444444444445,216,1,3.0,2730,0.01749638758328999,1069,1085,0.0174872365025527,1069,16,1085,8333335,5000000,5
72,5,6,4,12,16,16,24,0.06944444444444445,252,1,3.5,2340,0.01749638758328999,1051,1067,0.01752702525810758,1049,16,1065,7142855,5000000,5
72,5,7,4,12,16,16,28,0.06944444444444445,288,1,4.0,2048,0.01749638758328999,1015,1031,0.01739792,1019,16,1035,6250000,5000000,5
72,5,8,4,12,16,16,32,0.06944444444444445,311,1,4.319444444444445,1896,0.01864019304117069,948,964,0.018783540493937226,944,16,960,5787780,5000000,5
72,5,9,4,12,16,16,36,0.06944444444444445,240,2,3.3333333333333335,2457,0.020663848851267277,911,927,0.020639466666666665,912,16,928,7500000,5000000,5
72,5,10,4,12,16,16,40,0.06944444444444445,264,2,3.6666666666666665,2234,0.020663848851267277,905,921,0.020679712181256582,904,16,920,6818180,5000000,5
72,5,11,4,12,16,16,44,0.06944444444444445,288,2,4.0,2048,0.020663848851267277,896,912,0.0206872,895,16,911,6250000,5000000,5
72,5,12,4,12,16,16,48,0.06944444444444445,312,2,4.333333333333333,1890,0.020663848851267277,884,900,0.020604482747264365,886,16,902,5769230,5000000,5
72,5,13,4,12,16,16,52,0.06944444444444445,336,2,4.666666666666667,1755,0.020663848851267277,865,881,0.02057719176912329,868,16,884,5357145,5000000,5
72,5,14,4,12,16,16,56,0.06944444444444445,354,2,4.916666666666667,1666,0.021364601407078937,831,847,0.021432736548243816,829,16,845,5084745,5000000,5
72,5,15,4,12,16,16,60,0.06944444444444445,288,3,4.0,2048,0.023466859074513943,801,817,0.02345328,801,16,817,6250000,5000000,5
72,5,16,4,12,16,16,64,0.06944444444444445,306,3,4.25,1927,0.023466859074513943,796,812,0.023425161712580855,798,16,814,5882350,5000000,5
72,5,17,4,12,16,16,68,0.06944444444444445,324,3,4.5,1820,0.023466859074513943,791,807,0.023314142331414232,796,16,812,5555555,5000000,5
72,5,18,4,12,16,16,72,0.06944444444444445,342,3,4.75,1724,0.023466859074513943,785,801,0.0234720429096236,785,16,801,5263155,5000000,5
72,5,19,4,12,16,16,76,0.06944444444444445,360,3,5.0,1638,0.023466859074513943,777,793,0.0234432,777,16,793,5000000,5000000,5
72,5,20,4,12,16,16,80,0.06944444444444445,378,3,5.25,1560,0.023466859074513943,766,782,0.023465818826709058,766,16,782,4761905,5000000,5
72,5,21,4,12,16,16,84,0.06944444444444445,394,3,5.472222222222222,1497,0.023744369612953696,748,764,0.02385890413207764,746,16,762,4568525,5000000,5
72,5,22,4,12,16,16,88,0.06944444444444445,406,3,5.638888888888889,1452,0.024576901228272927,724,740,0.024478177512123604,725,16,741,4433500,5000000,5
72,5,23,4,12,16,16,92,0.06944444444444445,346,4,4.805555555555555,1704,0.025964453920471645,719,735,0.026026515144234003,718,16,734,5202310,5000000,5
72,5,24,4,12,16,16,96,0.06944444444444445,360,4,5.0,1638,0.025964453920471652,716,732,0.0259496,716,16,732,5000000,5000000,5
72,5,25,4,12,16,16,100,0.06944444444444445,375,4,5.208333333333333,1572,0.025964453920471645,711,727,0.02594125,712,16,728,4800000,5000000,5
72,6,5,4,12,16,16,25,0.08333333333333333,216,1,3.0,2730,0.01923076834124487,980,996,0.019310756137848772,976,16,992,8333335,5000000,5
72,6,6,4,12,16,16,30,0.08333333333333333,252,1,3.5,2340,0.01923076834124487,969,985,0.01913660574098172,973,16,989,7142855,5000000,5
72,6,7,4,12,16,16,35,0.08333333333333333,288,1,4.0,2048,0.01923076834124487,951,967,0.01929616,948,16,964,6250000,5000000,5
72,6,8,4,12,16,16,40,0.08333333333333333,323,1,4.486111111111111,1826,0.01935795505180646,913,929,0.019383034618393757,912,16,928,5572760,5000000,5
72,6,9,4,12,16,16,45,0.08333333333333333,347,1,4.819444444444445,1699,0.020884195578545574,848,864,0.020885929535868233,848,16,864,5187320,5000000,5
72,6,10,4,12,16,16,50,0.08333333333333333,264,2,3.6666666666666665,2234,0.023809489921462174,794,810,0.023807233015262136,795,16,811,6818180,5000000,5
72,6,11,4,12,16,16,55,0.08333333333333333,288,2,4.0,2048,0.023809489921462174,790,806,0.02384752,789,16,805,6250000,5000000,5
72,6,12,4,12,16,16,60,0.08333333333333333,312,2,4.333333333333333,1890,0.023809489921462174,785,801,0.023829869843982644,784,16,800,5769230,5000000,5
72,6,13,4,12,16,16,65,0.08333333333333333,336,2,4.666666666666667,1755,0.023809489921462174,778,794,0.02389183044326782,776,16,792,5357145,5000000,5
72,6,14,4,12,16,16,70,0.08333333333333333,360,2,5.0,1638,0.023809489921462174,768,784,0.0237268,770,16,786,5000000,5000000,5
72,6,15,4,12,16,16,75,0.08333333333333333,384,2,5.333333333333333,1536,0.023809489921462174,755,771,0.023834026666666668,754,16,770,4687500,5000000,5
72,6,16,4,12,16,16,80,0.08333333333333333,405,2,5.625,1456,0.024305496134026897,728,744,0.024371574371574372,728,16,744,4444440,5000000,5
72,6,17,4,12,16,16,85,0.08333333333333333,422,2,5.861111111111111,1397,0.025462843963344566,698,714,0.02563534486800769,695,16,711,4265400,5000000,5
72,6,18,4,12,16,16,90,0.08333333333333333,342,3,4.75,1724,0.027777539621979958,678,694,0.02773013525157439,679,16,695,5263155,5000000,5
72,6,19,4,12,16,16,95,0.08333333333333333,360,3,5.0,1638,0.027777539621979958,675,691,0.0277422,675,16,691,5000000,5000000,5
72,6,20,4,12,16,16,100,0.08333333333333333,378,3,5.25,1560,0.027777539621979958,671,687,0.02775086861245657,672,16,688,4761905,5000000,5
72,6,21,4,12,16,16,105,0.08333333333333333,396,3,5.5,1489,0.027777539621979958,667,683,0.027854667854667853,665,16,681,4545450,5000000,5
72,6,22,4,12,16,16,110,0.08333333333333333,414,3,5.75,1424,0.027777539621979958,662,678,0.02768763692190923,663,16,679,4347825,5000000,5
72,6,23,4,12,16,16,115,0.08333333333333333,432,3,6.0,1365,0.027777539621979958,655,671,0.027713977828817737,656,16,672,4166670,5000000,5
72,6,24,4,12,16,16,120,0.08333333333333333,450,3,6.25,1310,0.027777539621979958,646,662,0.027793,646,16,662,4000000,5000000,5
72,6,25,4,12,16,16,125,0.08333333333333333,466,3,6.472222222222222,1265,0.028163273911407185,632,648,0.02822407356588465,631,16,647,3862660,5000000,5
72,7,5,4,12,16,16,30,0.09722222222222222,216,1,3.0,2730,0.021272854949095227,892,908,0.02122943575411285,893,16,909,8333335,5000000,5
72,7,6,4,12,16,16,36,0.09722222222222222,252,1,3.5,2340,0.021272854949095227,884,900,0.02121602636480791,886,16,902,7142855,5000000,5
72,7,7,4,12,16,16,42,0.09722222222222222,288,1,4.0,2048,0.021272854949095227,874,890,0.02125488,875,16,891,6250000,5000000,5
72,7,8,4,12,16,16,48,0.09722222222222222,324,1,4.5,1820,0.021272854949095227,857,873,0.021235322123532213,859,16,875,5555555,5000000,5
72,7,9,4,12,16,16,54,0.09722222222222222,358,1,4.972222222222222,1647,0.021616294584511385,821,837,0.021661200533818092,820,16,836,5027930,5000000,5
72,7,10,4,12,16,16,60,0.09722222222222222,385,1,5.347222222222222,1532,0.023161772943884024,766,782,0.023343190045611802,763,16,779,4675325,5000000,5
72,7,11,4,12,16,16,66,0.09722222222222222,411,1,5.708333333333333,1435,0.02487897112096472,715,731,0.02502622977396157,713,16,729,4379565,5000000,5
72,7,12,4,12,16,16,72,0.09722222222222222,312,2,4.333333333333333,1890,0.02745476838658577,689,705,0.027462590328345377,689,16,705,5769230,5000000,5
72,7,13,4,12,16,16,78,0.09722222222222222,336,2,4.666666666666667,1755,0.02745476838658577,686,702,0.027409189036324385,687,16,703,5357145,5000000,5
72,7,14,4,12,16,16,84,0.09722222222222222,360,2,5.0,1638,0.027454768386585775,682,698,0.0273962,683,16,699,5000000,5000000,5
72,7,15,4,12,16,16,90,0.09722222222222222,384,2,5.333333333333333,1536,0.02745476838658577,677,693,0.02743253333333333,677,16,693,4687500,5000000,5
72,7,16,4,12,16,16,96,0.09722222222222222,408,2,5.666666666666667,1445,0.02745476838658577,670,686,0.027570371495308568,668,16,684,4411765,5000000,5
72,7,17,4,12,16,16,102,0.09722222222222222,432,2,6.0,1365,0.027454768386585775,661,677,0.027427658057873554,661,16,677,4166670,5000000,5
72,7,18,4,12,16,16,108,0.09722222222222222,456,2,6.333333333333333,1293,0.02745476838658577,646,662,0.027220909111636354,646,16,662,3947370,5000000,5
72,7,19,4,12,16,16,114,0.09722222222222222,474,2,6.583333333333333,1244,0.028767572235428886,620,636,0.02885157749764975,619,16,635,3797470,5000000,5
72,7,20,4,12,16,16,120,0.09722222222222222,493,2,6.847222222222222,1196,0.02986157544279812,597,613,0.03009245121010979,594,16,610,3651115,5000000,5
72,7,21,4,12,16,16,126,0.09722222222222222,396,3,5.5,1489,0.032705983781958214,577,593,0.032762212762212764,576,16,592,4545450,5000000,5
72,7,22,4,12,16,16,132,0.09722222222222222,414,3,5.75,1424,0.032705983781958214,575,591,0.032735218183804544,575,16,591,4347825,5000000,5
72,7,23,4,12,16,16,138,0.09722222222222222,432,3,6.0,1365,0.032705983781958214,573,589,0.03270933383253293,573,16,589,4166670,5000000,5
72,7,24,4,12,16,16,144,0.09722222222222222,450,3,6.25,1310,0.032705983781958214,570,586,0.03273725,570,16,586,4000000,5000000,5
72,7,25,4,12,16,16,150,0.09722222222222222,468,3,6.5,1260,0.032705983781958214,567,583,0.032775112775112775,566,16,582,3846150,5000000,5
72,8,5,4,12,16,16,35,0.1111111111111111,216,1,3.0,2730,0.023611111068159996,808,824,0.023610715277856943,808,16,824,8333335,5000000,5
72,8,6,4,12,16,16,42,0.1111111111111111,252,1,3.5,2340,0.023611111068159996,803,819,0.02365230709569213,801,16,817,7142855,5000000,5
72,8,7,4,12,16,16,49,0.1111111111111111,288,1,4.0,2048,0.023611111068159996,796,812,0.02362624,796,16,812,6250000,5000000,5
72,8,8,4,12,16,16,56,0.1111111111111111,324,1,4.5,1820,0.023611111068159996,787,803,0.023515742351574234,790,16,806,5555555,5000000,5
72,8,9,4,12,16,16,63,0.1111111111111111,360,1,5.0,1638,0.023611111068159996,773,789,0.02364,773,16,789,5000000,5000000,5
72,8,10,4,12,16,16,70,0.1111111111111111,395,1,5.486111111111111,1493,0.023832070535780445,745,761,0.023757505003335556,746,16,762,4556960,5000000,5
72,8,11,4,12,16,16,77,0.1111111111111111,423,1,5.875,1394,0.025599746276743687,695,711,0.025873024825395035,691,16,707,4255320,5000000,5
72,8,12,4,12,16,16,84,0.1111111111111111,452,1,6.277777777777778,1304,0.02714646255008656,652,668,0.027460512769002837,649,16,665,3982300,5000000,5
72,8,13,4,12,16,16,91,0.1111111111111111,480,1,6.666666666666667,1228,0.02891413829104984,614,630,0.029163733333333334,612,16,628,3750000,5000000,5
72,8,14,4,12,16,16,98,0.1111111111111111,360,2,5.0,1638,0.03156565190249476,600,616,0.0316102,599,16,615,5000000,5000000,5
72,8,15,4,12,16,16,105,0.1111111111111111,384,2,5.333333333333333,1536,0.03156565190249476,598,614,0.031508266666666666,599,16,615,4687500,5000000,5
72,8,16,4,12,16,16,112,0.1111111111111111,408,2,5.666666666666667,1445,0.03156565190249476,595,611,0.03175871788275214,591,16,607,4411765,5000000,5
72,8,17,4,12,16,16,119,0.1111111111111111,432,2,6.0,1365,0.03156565190249476,591,607,0.0315561347550922,591,16,607,4166670,5000000,5
72,8,18,4,12,16,16,126,0.1111111111111111,456,2,6.333333333333333,1293,0.03156565190249476,586,602,0.03161016068926906,586,16,602,3947370,5000000,5
72,8,19,4,12,16,16,133,0.1111111111111111,480,2,6.666666666666667,1228,0.03156565190249476,580,596,0.031413333333333335,583,16,599,3750000,5000000,5
72,8,20,4,12,16,16,140,0.1111111111111111,504,2,7.0,1170,0.03156565190249476,572,588,0.03170102731958907,571,16,587,3571430,5000000,5
72,8,21,4,12,16,16,147,0.1111111111111111,527,2,7.319444444444445,1119,0.031841849316092526,559,575,0.03171573621895092,559,16,575,3415560,5000000,5
72,8,22,4,12,16,16,154,0.1111111111111111,547,2,7.597222222222222,1078,0.032946638970483694,539,555,0.033066468125840444,539,16,555,3290675,5000000,5
72,8,23,4,12,16,16,161,0.1111111111111111,566,2,7.861111111111111,1042,0.034327626038472676,520,536,0.03466657862216646,517,16,533,3180210,5000000,5
72,8,24,4,12,16,16,168,0.1111111111111111,586,2,8.13888888888889,1006,0.035432415692863845,503,519,0.03563202487242303,502,16,518,3071675,5000000,5
72,8,25,4,12,16,16,175,0.1111111111111111,468,3,6.5,1260,0.03819438982884178,494,510,0.03802789802789803,496,16,512,3846150,5000000,5
72,9,5,4,12,16,16,40,0.125,380,0,5.277777777777778,1552,0.02280521261205427,776,792,0.023149796964012967,770,16,786,4736845,5000000,5
72,9,6,4,12,16,16,48,0.125,252,1,3.5,2340,0.026234567890194804,727,743,0.026277167883150366,726,16,742,7142855,5000000,5
72,9,7,4,12,16,16,56,0.125,288,1,4.0,2048,0.026234567890194804,722,738,0.02622448,723,16,739,6250000,5000000,5
72,9,8,4,12,16,16,64,0.125,324,1,4.5,1820,0.026234567890194804,717,733,0.026204402620440263,718,16,734,5555555,5000000,5
72,9,9,4,12,16,16,72,0.125,360,1,5.0,1638,0.026234567890194804,709,725,0.0262586,709,16,725,5000000,5000000,5
72,9,10,4,12,16,16,80,0.125,396,1,5.5,1489,0.026234567890194804,698,714,0.02628298628298628,697,16,713,4545450,5000000,5
72,9,11,4,12,16,16,88,0.125,432,1,6.0,1365,0.026234567890194804,680,696,0.02617101906318475,680,16,696,4166670,5000000,5
72,9,12,4,12,16,16,96,0.125,462,1,6.416666666666667,1276,0.02788065809853821,638,654,0.028076502044991087,635,16,651,3896105,5000000,5
72,9,13,4,12,16,16,104,0.125,491,1,6.819444444444445,1201,0.029801096674938854,599,615,0.030160243427073487,595,16,611,3665985,5000000,5
72,9,14,4,12,16,16,112,0.125,521,1,7.236111111111111,1132,0.03144718688328227,566,582,0.03196855476070908,561,16,577,3454895,5000000,5
72,9,15,4,12,16,16,120,0.125,550,1,7.638888888888889,1072,0.03336762545968293,535,551,0.03372266230740438,532,16,548,3272725,5000000,5
72,9,16,4,12,16,16,128,0.125,408,2,5.666666666666667,1445,0.036111109140255275,525,541,0.03612590425827305,525,16,541,4411765,5000000,5
72,9,17,4,12,16,16,136,0.125,432,2,6.0,1365,0.036111109140255275,524,540,0.03601845118523905,525,16,541,4166670,5000000,5
72,9,18,4,12,16,16,144,0.125,456,2,6.333333333333333,1293,0.036111109140255275,521,537,0.036075158903269774,522,16,538,3947370,5000000,5
72,9,19,4,12,16,16,152,0.125,480,2,6.666666666666667,1228,0.036111109140255275,519,535,0.036336266666666665,516,16,532,3750000,5000000,5
72,9,20,4,12,16,16,160,0.125,504,2,7.0,1170,0.036111109140255275,516,532,0.035970185611925755,517,16,533,3571430,5000000,5
72,9,21,4,12,16,16,168,0.125,528,2,7.333333333333333,1117,0.036111109140255275,512,528,0.03618736964996524,511,16,527,3409090,5000000,5
72,9,22,4,12,16,16,176,0.125,552,2,7.666666666666667,1068,0.036111109140255275,507,523,0.03602627519649664,508,16,524,3260870,5000000,5
72,9,23,4,12,16,16,184,0.125,576,2,8.0,1024,0.036111109140255275,501,517,0.03592768,503,16,519,3125000,5000000,5
72,9,24,4,12,16,16,192,0.125,600,2,8.333333333333334,983,0.036111109140255275,491,507,0.03612733333333333,491,16,507,3000000,5000000,5
72,9,25,4,12,16,16,200,0.125,620,2,8.61111111111111,951,0.03745790594697938,475,491,0.037587165996434996,475,16,491,2903225,5000000,5
